Workbook

Sheet NASA
A1: t (Day) | B1: X (Position in AU) | C1: Y (Position in AU) | D1: Z (Position in AU) | E1: r (Distance in AU)
A2: 1 | B2: -0.53057154 | C2: 0.76065221 | D2: 0.32973151 | E2: =SQRT(horizons_results_fin_use___Copy__2[[#This Row],[X (Position in AU)]]^2+horizons_results_fin_use___Copy__2[[#This Row],[Y (Position in AU)]]^2+horizons_results_fin_use___Copy__2[[#This Row],[Z (Position in AU)]]^2) -> 0.98428695
A3: =A2+1 -> 2 | B3: -0.54525902 | C3: 0.75196045 | D3: 0.32596321 | E3: =SQRT(horizons_results_fin_use___Copy__2[[#This Row],[X (Position in AU)]]^2+horizons_results_fin_use___Copy__2[[#This Row],[Y (Position in AU)]]^2+horizons_results_fin_use___Copy__2[[#This Row],[Z (Position in AU)]]^2) -> 0.98437997
A4: =A3+1 -> 3 | B4: -0.55977566 | C4: 0.74303556 | D4: 0.32209393 | E4: =SQRT(horizons_results_fin_use___Copy__2[[#This Row],[X (Position in AU)]]^2+horizons_results_fin_use___Copy__2[[#This Row],[Y (Position in AU)]]^2+horizons_results_fin_use___Copy__2[[#This Row],[Z (Position in AU)]]^2) -> 0.98447709
A5: =A4+1 -> 4 | B5: -0.57411708 | C5: 0.73388072 | D5: 0.31812508 | E5: =SQRT(horizons_results_fin_use___Copy__2[[#This Row],[X (Position in AU)]]^2+horizons_results_fin_use___Copy__2[[#This Row],[Y (Position in AU)]]^2+horizons_results_fin_use___Copy__2[[#This Row],[Z (Position in AU)]]^2) -> 0.98457854
A6: =A5+1 -> 5 | B6: -0.58827904 | C6: 0.72449919 | D6: 0.31405811 | E6: =SQRT(horizons_results_fin_use___Copy__2[[#This Row],[X (Position in AU)]]^2+horizons_results_fin_use___Copy__2[[#This Row],[Y (Position in AU)]]^2+horizons_results_fin_use___Copy__2[[#This Row],[Z (Position in AU)]]^2) -> 0.98468462
A7: =A6+1 -> 6 | B7: -0.60225747 | C7: 0.71489426 | D7: 0.30989445 | E7: =SQRT(horizons_results_fin_use___Copy__2[[#This Row],[X (Position in AU)]]^2+horizons_results_fin_use___Copy__2[[#This Row],[Y (Position in AU)]]^2+horizons_results_fin_use___Copy__2[[#This Row],[Z (Position in AU)]]^2) -> 0.98479563
A8: =A7+1 -> 7 | B8: -0.61604846 | C8: 0.70506922 | D8: 0.30563556 | E8: =SQRT(horizons_results_fin_use___Copy__2[[#This Row],[X (Position in AU)]]^2+horizons_results_fin_use___Copy__2[[#This Row],[Y (Position in AU)]]^2+horizons_results_fin_use___Copy__2[[#This Row],[Z (Position in AU)]]^2) -> 0.98491188
A9: =A8+1 -> 8 | B9: -0.62964822 | C9: 0.69502736 | D9: 0.30128286 | E9: =SQRT(horizons_results_fin_use___Copy__2[[#This Row],[X (Position in AU)]]^2+horizons_results_fin_use___Copy__2[[#This Row],[Y (Position in AU)]]^2+horizons_results_fin_use___Copy__2[[#This Row],[Z (Position in AU)]]^2) -> 0.98503364
A10: =A9+1 -> 9 | B10: -0.64305305 | C10: 0.68477192 | D10: 0.29683775 | E10: =SQRT(horizons_results_fin_use___Copy__2[[#This Row],[X (Position in AU)]]^2+horizons_results_fin_use___Copy__2[[#This Row],[Y (Position in AU)]]^2+horizons_results_fin_use___Copy__2[[#This Row],[Z (Position in AU)]]^2) -> 0.98516114
A11: =A10+1 -> 10 | B11: -0.65625935 | C11: 0.67430612 | D11: 0.29230159 | E11: =SQRT(horizons_results_fin_use___Copy__2[[#This Row],[X (Position in AU)]]^2+horizons_results_fin_use___Copy__2[[#This Row],[Y (Position in AU)]]^2+horizons_results_fin_use___Copy__2[[#This Row],[Z (Position in AU)]]^2) -> 0.98529452
A12: =A11+1 -> 11 | B12: -0.66926351 | C12: 0.6636331 | D12: 0.28767572 | E12: =SQRT(horizons_results_fin_use___Copy__2[[#This Row],[X (Position in AU)]]^2+horizons_results_fin_use___Copy__2[[#This Row],[Y (Position in AU)]]^2+horizons_results_fin_use___Copy__2[[#This Row],[Z (Position in AU)]]^2) -> 0.98543384
A13: =A12+1 -> 12 | B13: -0.68206194 | C13: 0.65275603 | D13: 0.28296146 | E13: =SQRT(horizons_results_fin_use___Copy__2[[#This Row],[X (Position in AU)]]^2+horizons_results_fin_use___Copy__2[[#This Row],[Y (Position in AU)]]^2+horizons_results_fin_use___Copy__2[[#This Row],[Z (Position in AU)]]^2) -> 0.98557907
A14: =A13+1 -> 13 | B14: -0.69465101 | C14: 0.64167803 | D14: 0.27816015 | E14: =SQRT(horizons_results_fin_use___Copy__2[[#This Row],[X (Position in AU)]]^2+horizons_results_fin_use___Copy__2[[#This Row],[Y (Position in AU)]]^2+horizons_results_fin_use___Copy__2[[#This Row],[Z (Position in AU)]]^2) -> 0.98573008
... A1463: =A1462+1 -> 1462 | B1463: -0.53017482 | C1463: 0.76082401 | D1463: 0.32980219 | E1463: =SQRT(horizons_results_fin_use___Copy__2[[#This Row],[X (Position in AU)]]^2+horizons_results_fin_use___Copy__2[[#This Row],[Y (Position in AU)]]^2+horizons_results_fin_use___Copy__2[[#This Row],[Z (Position in AU)]]^2) -> 0.98422964
D1464: Average Distance | E1464: =AVERAGE(horizons_results_fin_use___Copy__2[r (Distance in AU)]) -> 1.0001276
A1465: sumber: https://ssd.jpl.nasa.gov/horizons/app.html#/

Sheet dt_1
A1: t (Day) | B1: X (Position in AU) | C1: Y (Position in AU) | D1: Z (Position in AU) | E1: r (Distance in AU)
A2: 1 | B2: -0.53057154 | C2: 0.76065221 | D2: 0.32973151 | E2: 0.98428695
A3: 2 | B3: -0.54526059 | C3: 0.75196001 | D3: 0.325963 | E3: 0.98438044 | G3: Error % (MAPE)
A4: 3 | B4: -0.55978043 | C4: 0.74303448 | D4: 0.32209333 | E4: 0.98447879
A5: 4 | B5: -0.57412663 | C5: 0.73387844 | D5: 0.31812375 | E5: 0.98458197
A6: 5 | B6: -0.58829477 | C6: 0.7244948 | D6: 0.31405551 | E6: 0.98468996 | G6: Referensi | H6: Data rata-rata jarak milik NASA
A7: 6 | B7: -0.60228052 | C7: 0.71488656 | D7: 0.30988991 | E7: 0.98480271 | G7: Hasil | H7: Data rata-rata jarak hasil perhitungan sesuai dt
A8: 7 | B8: -0.61607962 | C8: 0.70505676 | D8: 0.30562826 | E8: 0.98492018 | G8: Error | H8: =ABS((dt_1[[#Totals],[r (Distance in AU)]]-horizons_results_fin_use___Copy__2[[#Totals],[r (Distance in AU)]])/horizons_results_fin_use___Copy__2[[#Totals],[r (Distance in AU)]]) -> 0.00033892745
A9: 8 | B9: -0.62968786 | C9: 0.69500853 | D9: 0.30127193 | E9: 0.98504235
A10: 9 | B10: -0.64310109 | C10: 0.68474506 | D10: 0.2968223 | E10: 0.98516917
A11: 10 | B11: -0.65631523 | C11: 0.67426962 | D11: 0.29228078 | E11: 0.98530059
A12: 11 | B12: -0.66932628 | C12: 0.66358552 | D12: 0.28764882 | E12: 0.98543658
A13: 12 | B13: -0.68213029 | C13: 0.65269617 | D13: 0.28292788 | E13: 0.98557709
A14: 13 | B14: -0.6947234 | C14: 0.64160501 | D14: 0.27811947 | E14: 0.98572208
A15: 14 | B15: -0.7071018 | C15: 0.63031557 | D15: 0.2732251 | E15: 0.98587151
A16: 15 | B16: -0.71926178 | C16: 0.61883141 | D16: 0.26824633 | E16: 0.98602531
A17: 16 | B17: -0.73119967 | C17: 0.60715618 | D17: 0.26318473 | E17: 0.98618344
A18: 17 | B18: -0.7429119 | C18: 0.59529357 | D18: 0.25804191 | E18: 0.98634586
A19: 18 | B19: -0.75439497 | C19: 0.58324734 | D19: 0.2528195 | E19: 0.98651251
A20: 19 | B20: -0.76564545 | C20: 0.57102129 | D20: 0.24751914 | E20: 0.98668333
... A1463: 1462 | B1463: -0.52286561 | C1463: 0.76508955 | D1463: 0.33165533 | E1463: 0.98424882
D1464: Average Distance | E1464: =AVERAGE(dt_1[r (Distance in AU)]) -> 1.0004666

Sheet dt_7
A1: t (Day) | B1: X (Position in AU) | C1: Y (Position in AU) | D1: Z (Position in AU) | E1: r (Distance in AU)
A2: 1 | B2: -0.53057154 | C2: 0.76065221 | D2: 0.32973151 | E2: 0.98428695
A3: 8 | B3: -0.62993686 | C3: 0.69484828 | D3: 0.30120246 | E3: 0.98506726 | G3: Error % (MAPE)
A4: 15 | B4: -0.71974444 | C4: 0.61850008 | D4: 0.26810268 | E4: 0.98613055
A5: 22 | B5: -0.79866649 | C5: 0.53279618 | D5: 0.23094747 | E5: 0.98745971
A6: 29 | B6: -0.86555766 | C6: 0.43906518 | D6: 0.1903128 | E6: 0.9890335 | G6: Referensi | H6: Data rata-rata jarak milik NASA
A7: 36 | B7: -0.91947205 | C7: 0.33875047 | D7: 0.14682443 | E7: 0.990827 | G7: Hasil | H7: Data rata-rata jarak hasil perhitungan sesuai dt
A8: 43 | B8: -0.95967566 | C8: 0.23338356 | D8: 0.10114628 | E8: 0.99281209 | G8: Error | H8: =ABS((dt_7[[#Totals],[r (Distance in AU)]]-horizons_results_fin_use___Copy__2[[#Totals],[r (Distance in AU)]])/horizons_results_fin_use___Copy__2[[#Totals],[r (Distance in AU)]]) -> 0.0039791856
A9: 50 | B9: -0.98565433 | C9: 0.12455649 | D9: 0.053968536 | E9: 0.99495798
A10: 57 | B10: -0.99711698 | C10: 0.013894375 | D10: 0.0059956895 | E10: 0.99723181
A11: 64 | B11: -0.99399478 | C11: -0.096971525 | D11: -0.042065096 | E11: 0.9995992
A12: 71 | B12: -0.97643625 | C12: -0.2064295 | D12: -0.089515137 | E12: 1.0020249
A13: 78 | B13: -0.94479902 | C13: -0.31291139 | D13: -0.13567465 | E13: 1.0044732
A14: 85 | B14: -0.89963855 | C14: -0.41491469 | D14: -0.17989229 | E14: 1.0069086
A15: 92 | B15: -0.84169446 | C15: -0.51102223 | D15: -0.22155374 | E15: 1.0092965
A16: 99 | B16: -0.77187485 | C16: -0.59991966 | D16: -0.26008925 | E16: 1.0116031
A17: 106 | B17: -0.69123927 | C17: -0.68041041 | D17: -0.29498013 | E17: 1.0137965
A18: 113 | B18: -0.60098053 | C18: -0.75142831 | D18: -0.32576421 | E18: 1.0158467
A19: 120 | B19: -0.50240593 | C19: -0.81204788 | D19: -0.35204034 | E19: 1.0177258
A20: 127 | B20: -0.39691815 | C20: -0.8614925 | D20: -0.37347189 | E20: 1.0194089
... A211: 1464 | B211: -0.44718365 | C211: 0.80444717 | D211: 0.34871913 | E211: 0.98423245
D212: Average Distance | E212: =AVERAGE(dt_7[r (Distance in AU)]) -> 1.0041073

Sheet dt_14
A1: t (Day) | B1: X (Position in AU) | C1: Y (Position in AU) | D1: Z (Position in AU) | E1: r (Distance in AU)
A2: 1 | B2: -0.53057154 | C2: 0.76065221 | D2: 0.32973151 | E2: 0.98428695
A3: 15 | B3: -0.72123528 | C3: 0.61747328 | D3: 0.26765752 | E3: 0.98645534 | G3: Error % (MAPE)
A4: 29 | B4: -0.86831122 | C4: 0.43696611 | D4: 0.18940277 | E4: 0.99034194
A5: 43 | B5: -0.96351908 | C5: 0.23034858 | D5: 0.099830499 | E5: 0.99568851
A6: 57 | B6: -1.0020878 | C6: 0.010184055 | D6: 0.0043871113 | E6: 1.0021492 | G6: Referensi | H6: Data rata-rata jarak milik NASA
A7: 71 | B7: -0.98287777 | C7: -0.21057209 | D7: -0.091311148 | E7: 1.0093201 | G7: Hasil | H7: Data rata-rata jarak hasil perhitungan sesuai dt
A8: 85 | B8: -0.90819346 | C8: -0.41944607 | D8: -0.1818569 | E8: 1.0167705 | G8: Error | H8: =ABS((dt_14[[#Totals],[r (Distance in AU)]]-horizons_results_fin_use___Copy__2[[#Totals],[r (Distance in AU)]])/horizons_results_fin_use___Copy__2[[#Totals],[r (Distance in AU)]]) -> 0.015133378
A9: 99 | B9: -0.78336822 | C9: -0.6051634 | D9: -0.26236275 | E9: 1.0240716
A10: 113 | B10: -0.61621328 | C10: -0.75817891 | D10: -0.32869105 | E10: 1.030821
A11: 127 | B11: -0.41641319 | C11: -0.87102359 | D11: -0.3776042 | E11: 1.0366615
A12: 141 | B12: -0.19492695 | C12: -0.93849588 | D12: -0.40684762 | E12: 1.0412954
A13: 155 | B13: 0.036571422 | C13: -0.95773384 | D13: -0.41518096 | E13: 1.0444936
A14: 169 | B14: 0.2662004 | C14: -0.9282035 | D14: -0.40237307 | E14: 1.0461016
A15: 183 | B15: 0.48232989 | C15: -0.85163074 | D15: -0.36917245 | E15: 1.0460427
A16: 197 | B16: 0.67400359 | C16: -0.7318938 | D16: -0.31726064 | E16: 1.0443197
A17: 211 | B17: 0.8313399 | C17: -0.57488198 | D17: -0.24919095 | E17: 1.0410146
A18: 225 | B18: 0.94592462 | C18: -0.38831599 | D18: -0.16831058 | E18: 1.0362872
A19: 239 | B19: 1.0112022 | C19: -0.1815159 | D19: -0.078659993 | E19: 1.0303715
A20: 253 | B20: 1.022862 | C20: 0.034903217 | D20: 0.015159 | E20: 1.0235696
... A107: 1471 | B107: -0.2180267 | C107: 0.88056075 | D107: 0.38172105 | E107: 0.98419197
D108: Average Distance | E108: =AVERAGE(dt_14[r (Distance in AU)]) -> 1.0152629

Sheet dt_21
A1: t (Day) | B1: X (Position in AU) | C1: Y (Position in AU) | D1: Z (Position in AU) | E1: r (Distance in AU)
A2: 1 | B2: -0.53057154 | C2: 0.76065221 | D2: 0.32973151 | E2: 0.98428695
A3: 22 | B3: -0.80447039 | C3: 0.52852622 | D3: 0.22909626 | E3: 0.98944311 | G3: Error % (MAPE)
A4: 43 | B4: -0.96995947 | C4: 0.2251432 | D4: 0.097573765 | E4: 1.0005156
A5: 64 | B5: -1.0089963 | C5: -0.107613 | D5: -0.046678638 | E5: 1.0157918
A6: 85 | B6: -0.92231806 | C6: -0.42697376 | D6: -0.18512058 | E6: 1.0330764 | G6: Referensi | H6: Data rata-rata jarak milik NASA
A7: 106 | B7: -0.72639131 | C7: -0.69576325 | D7: -0.30163662 | E7: 1.0501026 | G7: Hasil | H7: Data rata-rata jarak hasil perhitungan sesuai dt
A8: 127 | B8: -0.44854742 | C8: -0.88608225 | D8: -0.38413309 | E8: 1.064845 | G8: Error | H8: =ABS((dt_21[[#Totals],[r (Distance in AU)]]-horizons_results_fin_use___Copy__2[[#Totals],[r (Distance in AU)]])/horizons_results_fin_use___Copy__2[[#Totals],[r (Distance in AU)]]) -> 0.034021747
A9: 148 | B9: -0.12220399 | C9: -0.98056411 | D9: -0.42508237 | E9: 1.075702
A10: 169 | B10: 0.21693984 | C10: -0.97218188 | D10: -0.42143926 | E10: 1.0815783
A11: 190 | B11: 0.53367553 | C11: -0.8634862 | D11: -0.37431042 | E11: 1.0819086
A12: 211 | B12: 0.79537836 | C12: -0.66579384 | D12: -0.28860265 | E12: 1.0766613
A13: 232 | B13: 0.9738841 | C13: -0.39848995 | D13: -0.17272026 | E13: 1.066338
A14: 253 | B14: 1.0475599 | C14: -0.088314901 | D14: -0.03825593 | E14: 1.0519718
A15: 274 | B15: 1.0038149 | C15: 0.23174288 | D15: 0.10048936 | E15: 1.0351073
A16: 295 | B16: 0.84197752 | C16: 0.52452772 | D16: 0.22740844 | E16: 1.0177279
A17: 316 | B17: 0.57592778 | C17: 0.7523906 | D17: 0.32618068 | E17: 1.002087
A18: 337 | B18: 0.23519416 | C18: 0.882704 | D18: 0.3826627 | E18: 0.99041072
A19: 358 | B19: -0.13715032 | C19: 0.89446445 | D19: 0.38775061 | E19: 0.98449347
A20: 379 | B20: -0.49076729 | C20: 0.78388639 | D20: 0.33980473 | E20: 0.98529065
... A72: 1471 | B72: 0.36998582 | C72: 0.83677004 | D72: 0.36275385 | E72: 0.98420727
D73: Average Distance | E73: =AVERAGE(dt_21[r (Distance in AU)]) -> 1.0341537

Sheet dt_28
A1: t (Day) | B1: X (Position in AU) | C1: Y (Position in AU) | D1: Z (Position in AU) | E1: r (Distance in AU)
A2: 1 | B2: -0.53057154 | C2: 0.76065221 | D2: 0.32973151 | E2: 0.98428695
A3: 29 | B3: -0.87964944 | C3: 0.42801013 | D3: 0.18552 | E3: 0.99568744 | G3: Error % (MAPE)
A4: 57 | B4: -1.0219114 | C4: -0.0053347843 | D4: -0.0023409244 | E4: 1.021928
A5: 85 | B5: -0.94185744 | C5: -0.43756031 | D5: -0.18971044 | E5: 1.0557199
A6: 113 | B6: -0.67592841 | C6: -0.78344875 | D6: -0.33964729 | E6: 1.0890507 | G6: Referensi | H6: Data rata-rata jarak milik NASA
A7: 141 | B7: -0.28849648 | C7: -0.98848976 | D7: -0.42852278 | E7: 1.1153358 | G7: Hasil | H7: Data rata-rata jarak hasil perhitungan sesuai langkah waktu
A8: 169 | B8: 0.14718242 | C8: -1.0281089 | D8: -0.44568581 | E8: 1.1301798 | G8: Error | H8: =ABS((dt_28[[#Totals],[r (Distance in AU)]]-horizons_results_fin_use___Copy__2[[#Totals],[r (Distance in AU)]])/horizons_results_fin_use___Copy__2[[#Totals],[r (Distance in AU)]]) -> 0.060447689
A9: 197 | B9: 0.55914903 | C9: -0.90240669 | D9: -0.39118193 | E9: 1.1313747
A10: 225 | B10: 0.881458 | C10: -0.63210458 | D10: -0.27399582 | E10: 1.1187485
A11: 253 | B11: 1.0576629 | C11: -0.25709362 | D11: -0.11142199 | E11: 1.0941493
A12: 281 | B12: 1.0465395 | C12: 0.16340475 | D12: 0.070865652 | E12: 1.0615875
A13: 309 | B13: 0.83253433 | C13: 0.55219244 | D13: 0.23940096 | E13: 1.0272988
A14: 337 | B14: 0.44044923 | C14: 0.82285643 | D14: 0.35672418 | E14: 0.99916984
A15: 365 | B15: -0.054062736 | C15: 0.90222595 | D15: 0.39111755 | E15: 0.98483876
A16: 393 | B16: -0.53551192 | C16: 0.76249926 | D16: 0.33053208 | E16: 0.98865039
A17: 421 | B17: -0.88844587 | C17: 0.4396422 | D17: 0.19056231 | E17: 1.0094233
A18: 449 | B18: -1.0409163 | C18: 0.017507626 | D18: 0.0075608384 | E18: 1.041091
A19: 477 | B19: -0.97921292 | C19: -0.40827654 | D19: -0.17701682 | E19: 1.0755848
A20: 505 | B20: -0.7347646 | C20: -0.75788862 | D20: -0.32856848 | E20: 1.1055458
... A55: 1485 | B55: 0.81369088 | C55: 0.51210722 | D55: 0.22202332 | E55: 0.98673249
D56: Average Distance | E56: =AVERAGE(dt_28[r (Distance in AU)]) -> 1.060583

Sheet dt_30
A1: t (Day) | B1: X (Position in AU) | C1: Y (Position in AU) | D1: Z (Position in AU) | E1: r (Distance in AU)
A2: 1 | B2: -0.53057154 | C2: 0.76065221 | D2: 0.32973151 | E2: 0.98428695
A3: 31 | B3: -0.89967385 | C3: 0.39717801 | D3: 0.17215358 | E3: 0.99839885 | G3: Error % (MAPE)
A4: 61 | B4: -1.0279454 | C4: -0.07273676 | D4: -0.031560154 | E4: 1.0309987
A5: 91 | B5: -0.90617548 | C5: -0.52503301 | D5: -0.22762926 | E5: 1.071741
A6: 121 | B6: -0.58812694 | C6: -0.86364054 | D6: -0.37440837 | E6: 1.1099324 | G6: Referensi | H6: Data rata-rata jarak milik NASA
A7: 151 | B7: -0.15541042 | C7: -1.033842 | D7: -0.44817949 | E7: 1.1374737 | G7: Hasil | H7: Data rata-rata jarak hasil perhitungan sesuai langkah waktu
A8: 181 | B8: 0.30541279 | C8: -1.0167654 | D8: -0.44076397 | E8: 1.149505 | G8: Error | H8: =ABS((dt_30[[#Totals],[r (Distance in AU)]]-horizons_results_fin_use___Copy__2[[#Totals],[r (Distance in AU)]])/horizons_results_fin_use___Copy__2[[#Totals],[r (Distance in AU)]]) -> 0.070793883
A9: 211 | B9: 0.71257766 | C9: -0.82129015 | D9: -0.35601329 | E9: 1.1441284
A10: 241 | B10: 0.9929049 | C10: -0.47975134 | D10: -0.20794692 | E10: 1.1221691
A11: 271 | B11: 1.086038 | C11: -0.047858783 | D11: -0.020716955 | E11: 1.0872894
A12: 301 | B12: 0.95420437 | C12: 0.3938704 | D12: 0.170771 | E12: 1.0463282
A13: 331 | B13: 0.60067524 | C13: 0.74403481 | D13: 0.32255909 | E13: 1.0091793
A14: 361 | B14: 0.091608119 | C14: 0.90154423 | D14: 0.39082605 | E14: 0.98687337
A15: 391 | B15: -0.44290298 | C15: 0.8093976 | D15: 0.35086528 | E15: 0.98711396
A16: 421 | B16: -0.85491527 | C16: 0.4931238 | D16: 0.21374776 | E16: 1.0098214
A17: 451 | B17: -1.0458122 | C17: 0.049162778 | D17: 0.021283355 | E17: 1.0471834
A18: 481 | B18: -0.99396358 | C18: -0.40630264 | D18: -0.17616154 | E18: 1.0881536
A19: 511 | B19: -0.73640877 | C19: -0.77773561 | D19: -0.33717229 | E19: 1.1228783
A20: 541 | B20: -0.34015133 | C20: -1.0026932 | D20: -0.43468146 | E20: 1.1445718
... A51: 1471 | B51: 1.0010021 | C51: 0.052708315 | D51: 0.022876987 | E51: 1.0026499
D52: Average Distance | E52: =AVERAGE(dt_30[r (Distance in AU)]) -> 1.0709305

Sheet Sheet2
C4: dt (Hari) | D4: Jarak Rata-Rata (AU) | E4: Error %
C5: 1 (NASA) | D5: =AVERAGE(horizons_results_fin_use___Copy__2[r (Distance in AU)]) -> 1.0001276 | E5: 0
C6: 1 | D6: =dt_1[[#Totals],[r (Distance in AU)]] -> 1.0004666 | E6: ='dt_1'!H8 -> 0.00033892745
C7: 7 | D7: =dt_7[[#Totals],[r (Distance in AU)]] -> 1.0041073 | E7: ='dt_7'!H8 -> 0.0039791856
C8: 14 | D8: =dt_14[[#Totals],[r (Distance in AU)]] -> 1.0152629 | E8: ='dt_14'!H8 -> 0.015133378
C9: 21 | D9: =dt_21[[#Totals],[r (Distance in AU)]] -> 1.0341537 | E9: ='dt_21'!H8 -> 0.034021747
C10: 28 | D10: =dt_28[[#Totals],[r (Distance in AU)]] -> 1.060583 | E10: ='dt_28'!H8 -> 0.060447689
C11: 30 | D11: =dt_30[[#Totals],[r (Distance in AU)]] -> 1.0709305 | E11: ='dt_30'!H8 -> 0.070793883
